Recipe,Ingredients,Details
Сырники,Творог,"Шаг 1

Сырники классические, творог протрите через сито
Приготовьте тесто для классических сырников. Творог протрите через частое сито в большую миску.
Если творог слишком влажный, откиньте его на марлю, сложенную вчетверо, и отожмите.

Шаг 2

Сырники классические, добавьте сахар и соль
В миску с творогом добавьте обычный и ванильный сахар, а также соль. Перемешайте.

Шаг 3

Сырники классические, добавьте яйцо
Яйцо взбейте венчиком. Добавьте в творожную массу и перемешайте лопаточкой или вилкой.

Шаг 4

Сырники классические, всыпьте муку
Всыпьте муку. Перемешивайте лопаточкой до получения теста однородной гладкой консистенции.
Тесто для сырников уберите на 15 минут в холодильник или просто в прохладное место.

Шаг 5

Сырники классические, сформируйте толстую колбаску
Стол присыпьте небольшим количеством муки.
Выложите приготовленное тесто для классических сырников и руками сформуйте из него толстую колбаску диаметром примерно 5 см.

Шаг 6

Сырники классические, нарежьте колбаску кружочками
Получившуюся «колбаску» нарежьте кружочками толщиной не более 1,5 см.
Каждый сырник обваляйте в муке и оставьте на столе, присыпанном мукой, до обжаривания.

Шаг 7

Сырники классические, обжарьте сырники
В сковороде с толстым дном нагрейте оба вида масла. Жарьте сырники по 2 минуты с каждой стороны.
Затем накройте крышкой и готовьте еще 3 минуты на очень маленьком огне.

Шаг 8

Сырники классические, запекайте сырники в духовке
Сырники классические можно довести до полной готовности и в духовке.
Для этого после обжаривания переложите их на противень и запекайте 5 минут при 200°C."
Сырники,Сахар,
Сырники,Ванильный сахар,
Сырники,Соль,
Сырники,Яйца,
Сырники,Мука,
Сырники,Растительное масло,
Сырники,Сливочное масло,
Овсяная каша,Сливки,"Шаг 1

Доведите до кипения сливки в небольшой кастрюле, добавьте соль и засыпьте овсяные хлопья.
Варите на минимальном огне 5 мин.

Шаг 2

Банан разомните вилкой и положите в кашу (несколько кусочков банана можете оставить для украшения).

Шаг 3

Хорошенько взбейте кашу прямо в кастрюле миксером, 3 мин.
Добавьте масло, выложите кашу на подогретые тарелки и подавайте."
Овсяная каша,Овсяные хлопья,
Овсяная каша,Банан,
Овсяная каша,Сливочное масло,
Овсяная каша,Соль,
Манная каша,Манная крупа,"Шаг 1

Подготовьте все ингредиенты для приготовления манной каши на молоке без комочков.
В кастрюлю с толстым дном влейте воду. Поставьте на огонь, добавьте молоко и доведите до кипения на сильном огне.
Приправьте сахаром и солью, перемешайте.

Шаг 2

Манную крупу насыпьте в мерную кружку с «носиком».
Возьмите венчик в правую руку и, непрерывно перемешивая им кипящее молоко, всыпайте левой манку тонкой струйкой.

Шаг 3

Перемешивая содержимое кастрюли венчиком, варите манную кашу около пяти минут на среднем огне.
Следите, чтобы она не пригорала! Если вы все сделали правильно, комочков в каше быть не должно.

Шаг 4

Выключите огонь под кастрюлей с манной кашей на молоке. Добавьте сливочное масло.
Закройте кастрюлю с кашей и оставьте на 5 минут на горячей плите.
Разлейте манную каша на молоке без комочков по тарелкам и подайте на стол."
Манная каша,Молоко,
Манная каша,Сливочное масло,
Манная каша,Вода,
Манная каша,Сахар,
Манная каша,Соль,
Гречневая каша,Гречневая крупа,"Шаг 1

Подготовьте гречневую крупу для варки. Сначала насыпьте ее на рабочий стол,
выстланный белой бумагой для выпечки, и распределите в один слой. Переберите, удаляя мусор.

Шаг 2

Пересыпьте гречневую крупу в большую миску. Залейте холодной водой и тщательно промойте несколько раз,
периодически ее сливая, до тех пор, пока не станет прозрачной.

Шаг 3

Воду налейте в кастрюлю и быстро доведите до кипения. Добавьте соль по вкусу и перемешайте.
Всыпьте гречневую крупу и доведите до кипения. Снимите пену.

Шаг 4

Огонь под кастрюлей уменьшите до минимального. Варите гречневую кашу под крышкой 20–25 минут.
Не перемешивайте. Затем выключите огонь, добавьте в кашу масло и оставьте под крышкой еще на 10 минут."
Гречневая каша,Вода,
Гречневая каша,Сливочное масло,
Гречневая каша,Соль,
Запеканка,Творог,"Шаг 1

Творог для классической запеканки протереть через мелкое сито.
Затем добавить сметану, яйца и сахар, взбить венчиком. Добавить просеянную с разрыхлителем муку.
Еще раз взбить.

Шаг 2

Лимон вымыть и обсушить. Затем снять с плода мелкой теркой цедру. Изюм промыть теплой водой.
Добавить в творожную массу лимонную цедру и изюм, хорошо перемешать.

Шаг 3

Форму для выпекания застелить пергаментом, выложить получившуюся массу, разровнять поверхность.
Готовить запеканку в заранее разогретой до 180 °С духовке 35 мин."
Запеканка,Яйца,
Запеканка,Лимон,
Запеканка,Разрыхлитель,
Запеканка,Сметана,
Запеканка,Изюм,
Мюсли,Овсяные хлопья,"Шаг 1

Духовку разогреть до 130-140 градусов.

Шаг 2

Смешать в миске хлопья, сахар, соль, орехи. На слабом огне нагреть мёд, воду,
корицу, раст.масло, чтобы всё смешалось до однородности.

Шаг 3

Вылить в сухие ингредиенты и хорошо перемешать. Смазать противень маслом или застелить пергаментной бумагой,
равномерно распределить всю массу по противню.

Шаг 4

Запекать полчаса, время от времени (приблизительно каждые 10 минут) перемешивая ложкой,
затем достать из духовки, добавить сухофрукты и запекать ещё 10-15 минут до золотистого цвета.

Шаг 5

Остудить и убрать в банку с плотной крышкой.
Подавать с молоком."
Мюсли,Орехи,
Мюсли,Семечки,
Мюсли,Клюква,
Мюсли,Вишня,
Мюсли,Соль,
Мюсли,Мёд,
Мюсли,Корица,
Мюсли,Растительное масло,
Мюсли,Вода,
Мюсли,Сахар,
Мюсли,Молоко,
Суп грибной,Грибы,"Шаг 1

Для приготовления этого блюда взять любые свежие грибы, почистить их,
нарезать пластинками и обжарить с 2 столовыми ложками сливочного масла.

Шаг 2
Обжаренные грибы переложить в кастрюлю, залить 2 л кипятка и варить на слабом огне в течение 30 минут.
Таймер 30 минут

Шаг 3
Нарезать соломкой 5–6 клубней картофеля.

Шаг 4
Корень петрушки, морковь и луковицу нарезать мелким кубиком.

Шаг 5
Разогреть растительное масло в сковороде и обжарить на нем сначала лук до золотистого цвета.

Шаг 6
Затем добавить корень петрушки и морковь, жарить еще 5–7 минут.

Шаг 7
Овощи добавить в суп, посолить, поперчить, добавить лавровый лист и варить еще 20–30 минут до готовности картофеля.

Шаг 8
В конце добавить мелко нарубленную зелень и снять с огня."
Суп грибной,Сливочное масло,
Суп грибной,Вода,
Суп грибной,Картофель,
Суп грибной,Морковь,
Суп грибной,Петрушка,
Суп грибной,Репчатый лук,
Суп грибной,Растительное масло,
Суп грибной,Соль,
Суп грибной,Черный перец,
Суп грибной,Лавровый лист,
Суп грибной,Зелень,
Суп грибной,Сметана,
Суп гречневый,Репчатый лук,"Шаг 1

Поставить кипятиться воду.

Шаг 2

Очистить, вымыть картофель. Нарезать кубиками.

Шаг 3

Очистить, вымыть лук и морковь. Лук нарезать мелко. Морковь натереть на крупной терке.

Шаг 4

Гречку перебрать, промыть в холодной воде.

Шаг 5

Воду вскипятить, посолить, добавить нарезанный кубиками картофель, лук и морковь,
гречневую крупу, лавровый лист, масло, перец и соль.

Шаг 6

Варить гречневый суп до готовности на небольшом огне под крышкой (около 20-25 минут)."
Суп гречневый,Морковь,
Суп гречневый,Гречневая крупа,
Суп гречневый,Картофель,
Суп гречневый,Лавровый лист,
Суп гречневый,Сливочное масло,
Суп гречневый,Соль,
Суп гречневый,Черный перец,
Суп гречневый,Вода,
Борщ,Говядина,"Шаг 1

Подготавливают все необходимые продукты. Если чернослив сухой, заливают его кипятком на 10-15 минут.

Шаг 2

Мясо нарезают небольшими кусочками.

Шаг 3

Выкладывают мясо в кастрюлю, заливают холодной водой.
Доводят до кипения, снимают пену и варят мясо 1,5 часа на маленьком огне, под крышкой.

Шаг 4

Картофель очищают и нарезают крупными кусками.

Шаг 5

Свеклу очищают, нарезают соломкой. Обычно свёклу тушат в сковороде с добавлением лимонного сока или уксуса - можно сделать именно так.
Но в этом рецепте свёкла добавляется в бульон в сыром виде и варится вместе с картошкой и капустой.

Шаг 6

Капусту шинкуют соломкой.

Шаг 7

Лук чистят и мелко нарезают.

Шаг 8

Морковь чистят и натирают на крупной терке.

Шаг 9

Чернослив очищают от косточек, мелко нарезают.

Шаг 10

Сковороду нагревают, наливают растительное масло. В горячее масло выкладывают лук и морковь,
обжаривают овощи, помешивая, 3-4 минуты на среднем огне.
Добавляют томатную пасту, перемешивают и обжаривают овощи с томатом ещё 1 минуту.

Шаг 11

В мясной бульон добавляют картофель, свёклу, капусту, обжаренные лук и морковь.
Добавляют чернослив, соль и варят борщ с черносливом до готовности картофеля, 20-25 минут.

Шаг 12

Зелень моют и мелко режут.

Шаг 13

Готовый борщ с черносливом разливают по тарелкам, посыпают измельченной зеленью петрушки.
Подают борщ со сметаной."
Борщ,Картофель,
Борщ,Капуста,
Борщ,Свекла,
Борщ,Морковь,
Борщ,Репчатый лук,
Борщ,Томатная паста,
Борщ,Чернослив,
Борщ,Петрушка,
Борщ,Соль,
Борщ,Растительное масло,
Борщ,Вода,
Борщ,Сметана,
Солянка,Говядина,"Шаг 1

Поставить мясо вариться. Бульон для солянки должен быть крепкий, насыщенный.
Но если вас это смущает, можно сварить бульон из небольшого кусочка мяса с косточкой, а крепкий бульон разбавить водой.

Шаг 2

Нарезать отварное мясо, ветчину, колбасу тонкими ломтиками.

Шаг 3

Соленые огурцы нарезать наискосок в виде ромбиков или тонких полосок.

Шаг 4

Нашинковать кольцами репчатый лук.

Шаг 5

Пассеровать лук с томат-пюре на оливковом масле.

Шаг 6

Опустить в кипящий бульон мясо, колбасные изделия, дать закипеть.
Затем огурцы и лук. Когда закипит, убавить огонь и варить около 10 минут.

Шаг 7

Добавить лавровый лист, оливки (маслины) и каперсы, чтобы прогрелись. Можно подавать."
Солянка,Колбаса,
Солянка,Лук,
Солянка,Томатная паста,
Солянка,Каперсы,
Солянка,Черный перец,
Солянка,Лавровый лист,
Солянка,Растительное масло,
Солянка,Лимон,
Солянка,Зелень,
Солянка,Маслины,
Солянка,Оливки,
Рассольник,Рис,"Шаг 1

В кастрюлю налить 2,5 л воды. Поставить на огонь кастрюлю, довести до кипения. Тем временем помыть рис.

Шаг 2

Очистить, помыть и нарезать картофель.

Шаг 3

В кипяток опустить картофель и рис. Варить на небольшом огне 15 минут.

Шаг 4

Очистить, помыть лук и морковь. Морковь натереть на крупной терке (или нарезать соломкой), а лук нарезать кубиками.

Шаг 5

Огурцы натереть на крупной терке.

Шаг 6

Разогреть сковороду, налить растительное масло. В горячее масло выложить подготовленные лук и морковь.
Тушить овощи на среднем огне, помешивая, 2-3 минуты. Добавить томат.


Шаг 7

Перемешать, добавить огурцы, перемешать, тушить все на маленьком огне 2-3 минуты.

Таймер 3 минуты

Шаг 8

Выложить зажарку в кастрюлю, перемешать. Посолить, поперчить, добавить лавровый лист и любимые специи.
Варить на самом маленьком огне 5 минут."
Рассольник,Гречневая крупа,
Рассольник,Картофель,
Рассольник,Репчатый лук,
Рассольник,Огурцы,
Рассольник,Соль,
Рассольник,Сахар,
Рассольник,Перец,
Рассольник,Специи,
Рассольник,Томатная паста,
Рассольник,Растительное масло,
Рассольник,Зелень,
Окрошка,Яйца,"Шаг 1

Режем кубиками все ингредиенты.

Шаг 2

Всё перемешиваем, раскладываем по тарелкам.

Шаг 3

Заливаем квасом, украшаем окрошку половинкой яйца и посыпаем нарезанной зеленью."
Окрошка,Колбаса,
Окрошка,Огурцы,
Окрошка,Картофель,
Окрошка,Редис,
Окрошка,Зелень,
Окрошка,Квас,
Суп с фрикадельками,Фарш,"Шаг 1

Натираем на терке 1 луковицу, добавляем в фарш. Добавляем яйцо, соль, перец. Тщательно всё перемешиваем.
Формируем шарики-фрикадельки из фарша.

Шаг 2

Картошку нарезаем небольшими кубиками.
Мелко нарезаем оставшийся лук. Морковь натираем на терке.

Шаг 3

В кастрюлю с кипящей водой (около 1,2 л) добавляем фрикадельки. Доводим до кипения (можно снять пену). Варим 10 минут.

Шаг 4

В это время делаем зажарку: на разогретой сковороде с растительным маслом обжариваем лук с морковью 5-7 минут.

Шаг 5

Добавляем в кастрюлю картофель. Варим 10 минут.
В картофельный суп с фрикадельками добавляем овощную зажарку и варим ещё 10 минут.
В конце добавляем соль и молотый перец."
Суп с фрикадельками,Картофель,
Суп с фрикадельками,Репчатый лук,
Суп с фрикадельками,Морковь,
Суп с фрикадельками,Яйца,
Суп с фрикадельками,Соль,
Суп с фрикадельками,Черный перец,
Суп с фрикадельками,Зелень,
Суп с фрикадельками,Растительное масло,
Суп гороховый,Копченые ребра,"Шаг 1

Горох промываем и замачиваем на 30 минут.

Шаг 2

Копченые ребрышки нарезаем на крупные куски по 2 см (разрезаем их между ребер).

Шаг 3

Горох еще раз промываем, высыпаем в кастрюлю (объемом 2,5 л) и заливаем водой.
Туда же кладем нарезанные ребра. Отправляем вариться на среднем огне.

Шаг 4

Дожидаемся, пока вода закипит, и снимаем пену.

Шаг 5

Варим горох с копчеными ребрышками не меньше 1 часа.

Шаг 6

Тем временем подготавливаем картофель к варке - нарезаем небольшими кубиками.

Шаг 7

Морковь нарезаем соломкой (толщиной 2-3 мм и длиной 1-1,5 см).

Шаг 8

Лук мелко нарезаем.

Шаг 9

Когда сварится горох (примерно через час), добавляем в гороховый суп картошку. Можно немного посолить суп.

Шаг 10

Пока картофель варится, из лука и моркови делаем зажарку.
Для этого наливаем растительное масло на разогретую сковородку, высыпаем лук и морковь и обжариваем до золотистости лука.

Шаг 11

Добавляем в суп овощную зажарку и варим суп гороховый с ребрышками до готовности картофеля, минут 10-15.
В конце добавляем специи по желанию."
Суп гороховый,Горох,
Суп гороховый,Картофель,
Суп гороховый,Репчатый лук,
Суп гороховый,Морковь,
Суп гороховый,Чеснок,
Суп гороховый,Соль,
Суп гороховый,Растительное масло,
Суп гороховый,Вода,
Суп овощной,Картофель,"Шаг 1

Картофель и морковь очистите и порежьте кубиками. Помидор просто порежьте любой формы.

Шаг 2

Картофель положите вариться в бульон, который приготовьте заранее.
Однако если у вас нет готового бульона, то мясо помойте, порежьте и проварите около 30 минут, после чего добавьте картофель.

Шаг 3

Через 10 минут варки картофеля опустите к нему вариться помытую чечевицу.
Одновременно положите морковь и приправьте суп солью, черным молотым перцем и специями.

Шаг 4

В конце приготовления супа положите вариться помидоры. Проварите суп 5 минут и убирайте его с плиты."
Суп овощной,Морковь,
Суп овощной,Помидоры,
Суп овощной,Чечевица красная,
Суп овощной,Лавровый лист,
Суп овощной,Черный перец,
Суп овощной,Соль,
Куриный суп,Куриное филе,"Шаг 1

Подготовьте необходимые продукты для куриного супа с вермишелью. Овощи очистите, вымойте.

Шаг 2

Как приготовить куриный суп с вермишелью:
Куриное филе вымойте, обсушите, срежьте с филе пленки и нарежьте его крупно.

Шаг 3

Выложите курицу в кастрюлю, залейте холодной водой, добавьте лавровые листья.
Доведите до кипения и снимите пену. Варите куриное филе 15 минут, после чего выложите кусочки филе на тарелку.

Шаг 4

Морковь натрите на крупной терке.

Шаг 5

Лук нарежьте мелкими кубиками.

Шаг 6

Разогрейте на сковороде растительное масло и обжарьте на умеренном огне (спассеруйте)
нарезанный лук примерно 2-3 минуты, до мягкости.

Шаг 7

Добавьте к луку натертую морковь, перемешайте и обжаривайте лук и морковь еще 2 минуты.

Шаг 8

Картофель нарежьте средними кубиками или брусочками.

Шаг 9

Куриное филе нарежьте кусочками.

Шаг 10

Добавьте в кастрюлю с бульоном картофель и варите примерно 10 минут.

Шаг 11

После этого добавьте приготовленную зажарку (пассеровку).

Шаг 12

В суп с овощами добавьте куриное филе.

Шаг 13

Всыпьте в суп с курицей вермишель, добавьте соль и молотый перец по вкусу. Перемешайте.
Варите куриный суп с вермишелью 5-7 минут. (При желании можно добавить в суп измельченную зелень петрушки.)

Шаг 14

Готовому куриному супу дайте настояться несколько минут. Затем разлейте суп с вермишелью по тарелкам,
посыпьте измельчённой свежей зеленью и подавайте к столу."
Куриный суп,Картофель,
Куриный суп,Морковь,
Куриный суп,Репчатый лук,
Куриный суп,Лапша,
Куриный суп,Петрушка,
Куриный суп,Черный перец,
Куриный суп,Соль,
Куриный суп,Растительное масло,
Куриный суп,Вода,
Жаренный картофель,Картофель,"Шаг 1

Картофель тщательно промойте при помощи щётки. Обсушите клубни полотенцем. Разрежьте картошку пополам.
Затем каждую половинку картофеля разрежьте ещё на 4 дольки. Таким же способом подготовьте оставшуюся картошку.

Шаг 2

Посыпьте дольки картофеля солью, добавьте чёрный перец, паприку и куркуму.
Тщательно перемешайте, чтобы соль и пряности распределились по картошке. (Удобнее перемешивать картофельные дольки руками).

Шаг 3

В сковородке разогрейте растительное масло. Выложите подготовленный картофель и обжаривайте на огне чуть больше среднего,
помешивая каждые 3 минуты, до полной готовности картофеля. Этот процесс займёт примерно 20-25 минут.

Шаг 4

Подавать картошку по-деревенски, жаренную на сковороде, лучше сразу после приготовления, пока корочка не размягчилась."
Жаренный картофель,Соль,
Жаренный картофель,Черный перец,
Жаренный картофель,Паприка,
Жаренный картофель,Кукуруза,
Жаренный картофель,Куркума,
Жаренный картофель,Растительное масло,
Паста Болоньезе,Репчатый лук,"Шаг 1

Готовим соус для спагетти болоньезе, лук и чеснок мелко рубим. Приготовьте соус для спагетти болоньезе.
Для этого лук с чесноком очистите. Лук разрежьте на половинки, затем нарежьте мелкими кубиками.
Зубчики чеснока раздавите плоской стороной ножа и порубите.

Шаг 2

Пассеруем лук и чеснок на сковороде
В большую сковороду налейте оливковое масло и нагрейте его.
Выложите нарезанные лук с чесноком и, помешивая, жарьте на среднем огне до легкого подрумянивания.

Шаг 3

Добавляем фарш, обжариваем, постоянно помешивая
К луку с чесноком добавьте фарш и, помешивая вилкой (чтобы не образовывались комочки),
жарьте на среднем огне в течение 10 минут. Мясная основа для соуса болоньезе готова!

Шаг 4

Нарезаем сладкий перец для соуса болоньезе, добавляем к фаршу
Сладкий перец, удалив семена и перегородки, нарежьте маленькими кубиками.
Добавьте в сковороду к мясу и, помешивая, жарьте 5 минут. Следите, чтобы перец не подгорел.

Шаг 5

Томаты пробиваем блендером, выкладываем к мясу с овощами
Помидоры очистите и переложите в чашу блендера. Измельчите на высокой скорости, затем добавьте в сковороду к мясу с овощами.
Посолите и поперчите. Добавьте пряные травы по вкусу и тушите соус болоньезе на маленьком огне 20 минут.

Шаг 6

Отвариваем спагетти
Приготовьте спагетти. Для этого в большой кастрюле доведите до кипения воду и немного посолите ее.
Опустите в нее спагетти, не разламывая. Делайте это постепенно, по мере размягчения погруженной в воду части.
Варите 10 минут.

Шаг 7

Готовую пасту откидываем на дуршлаг, даем стечь
Готовые спагетти откиньте на дуршлаг и дайте стечь жидкости. Промывать их не надо: так паста будет лучше соединяться с соусом.
Но добавить столовую ложку оливкового масла можно.

Шаг 8

Спагетти кладем в соус болоньезе, перемешиваем
Спагетти положите в соус болоньезе и перемешайте. Прогрейте все вместе. Затем разложите по порционным тарелкам и посыпьте тертым сыром.
Сразу подайте на стол."
Паста Болоньезе,Чеснок,
Паста Болоньезе,Растительное масло,
Паста Болоньезе,Фарш,
Паста Болоньезе,Сладкий перец,
Паста Болоньезе,Помидоры,
Паста Болоньезе,Спагетти,
Паста Болоньезе,Сыр,
Паста Болоньезе,Петрушка,
Паста Болоньезе,Соль,
Паста Болоньезе,Черный перец,
Паста Карбонара,Спагетти,"Шаг 1

Нарезаем бекон кубиками. Два зубчика чеснока раздавливаем ножом.
Разогреваем сковороду, растапливаем 1 ст. ложку сливочного масла и обжариваем бекон с чесноком. Жарим на слабом огне 10 минут,
из бекона должен вытопиться жир, но бекон должен остаться мягким. После обжаривания чеснок удаляем.

Шаг 2

В кипящую воду (2,3 л) добавляем 1 ст. ложку соли, 1 ст. ложку оливкового масла и спагетти.
Варим спагетти так, как указано на их упаковке, важно соблюдать указанное время варки, чтобы сварить спагетти правильно.

Шаг 3

Отделяем 3 желтка от белков. Кладем в миску желтки и одно яйцо, солим и перчим (по 1 щепотке), хорошо взбиваем.

Шаг 4

Добавляем 2 ст. ложки натертого сыра, перемешиваем.

Шаг 5

Готовые спагетти откидываем на дуршлаг, предварительно оставив 300 мл воды, в которой они варились.

Шаг 6

Выключаем огонь под сковородой с беконом, добавляем спагетти и 1 ст. ложку сливочного масла.
Вливаем взбитые яйца с сыром, все тщательно перемешиваем. Постепенно добавляем 300 мл бульона (воды)
от спагетти и постоянно перемешиваем, яйца не должны свернуться.

Шаг 7

Чтобы соус немного загустел, под сковородой включаем слабый огонь и постоянно перемешиваем примерно 1 минуту, чтобы яйца не сварились.
Если соус получится очень густой, можете добавить еще бульона.

Шаг 8

Выкладываем спагетти на тарелку, сверху посыпаем черным молотым перцем и тертым сыром. Паста карбонара готова."
Паста Карбонара,Бекон,
Паста Карбонара,Яйца,
Паста Карбонара,Сыр,
Паста Карбонара,Сливочное масло,
Паста Карбонара,Растительное масло,
Паста Карбонара,Чеснок,
Паста Карбонара,Вода,
Паста Карбонара,Соль,
Паста Карбонара,Черный перец,
Тушеный картофель с курицей,Картофель,"Шаг 1

Подготовьте все ингредиенты для тушеной картошки с курицей в кастрюле по списку.
Курицу промойте и обсушите. Срежьте жир и удалите кожу и хрящи.
Нарежьте на порционные куски. Натрите их солью, перцем и прованскими травами и оставьте мариноваться на 20 минут.

Шаг 2

Картофель и морковь тщательно промойте при помощи овощной щеточки. Очистите, а затем нарежьте картофель кубиками,
а морковь натрите на терке. Луковицу очистите и нарежьте полукольцами. Сельдерей – кубиками.

Шаг 3

В глубокой кастрюле разогрейте растительное масло и выложите кусочки курицы. Жарьте с одной стороны до золотистого цвета,
затем переверните и готовьте на другой. Птица должна жариться, а не тушиться.

Шаг 4

Выложите лук и жарьте, помешивая, 1-2 минуты. Добавьте натертую на терке морковь и готовьте еще 5 минут.
Выложите картофель и сельдерей, томатную пасту, влейте куриный бульон, и тушите под крышкой на медленном огне около 30-40 минут.

Шаг 5

По прошествии времени, блюдо приправьте солью и перцем, перемешайте. Выложите лавровый лист и тушите еще 5 минут.
Затем снимите с огня. Лавровый лист выньте.

Шаг 6

Картофель с курицей разложите по порционным тарелкам, посыпьте зеленью и подавайте на стол горячим.
Отлично сочетаются с блюдом свежие или маринованные овощи."
Тушеный картофель с курицей,Куриные ножки,
Тушеный картофель с курицей,Репчатый лук,
Тушеный картофель с курицей,Сельдерей,
Тушеный картофель с курицей,Морковь,
Тушеный картофель с курицей,Прованские травы,
Тушеный картофель с курицей,Томатная паста,
Тушеный картофель с курицей,Растительное масло,
Тушеный картофель с курицей,Лавровый лист,
Тушеный картофель с курицей,Соль,
Мясной пирог,Молоко,"Шаг 1

Просеиваем муку (сначала 350 граммов, чтобы не забить тесто) и добавляем все сухие ингредиенты: дрожжи, сахар, соль. Перемешиваем.

Шаг 2

В муке делаем углубление и добавляем тёплую воду, тёплое молоко и масло, перемешиваем и собираем тесто ложкой
(при необходимости добавляем частями муку).

Шаг 3

Затем вымешиваем тесто руками, примерно минут 7. Тесто будет мягкое и не будет липнуть к рукам.

Шаг 4

Чашку смазываем маслом. Из теста формируем шарик и кладём его в чашку и накрываем пленкой.
Оставляем тесто в тёплом месте для подъема, примерно на 1 час.

Шаг 5

Готовим начинку: мясо промываем и нарезаем небольшими кусочками, мелко режем лук, картофель нарезаем тонкими полосками.

Шаг 6

К мясу добавляем лук, соль, перец, картофель и немного растительного масла для сочности. Хорошо перемешиваем начинку.

Шаг 7

Тесто увеличилось, стало воздушным и пористым.

Шаг 8

Делим тесто на 2 неравные части, формируем шарики.

Шаг 9

Каждую часть раскатываем в пласт толщиной 0,5 см. Бóльшая часть будет низом пирога, её раскатываем чуть больше размера формы.

Шаг 10

Форму смазываем растительным маслом, выкладываем тесто, формируем бортики.

Шаг 11

Выкладываем начинку, разравниваем.

Шаг 12

Раскатываем вторую часть теста по размеру формы. Накрываем начинку.
Защипываем (проходим несколько раз) края теста и делаем в центре дырочку для выхода пара.
Накрываем пирог салфеткой и оставляем минут на 10. Разогреваем духовку до 180 градусов.

Шаг 13

Пирог для румяности смазываем смесью яйца и молока. Это делаем по желанию.

Шаг 14

Выпекаем в заранее разогретой духовке при температуре 180 градусов примерно минут 20, до легкого румянца.
Пирог достаём из духовки. В дырочку в центре вливаем немного тёплой воды, чтобы пирог был сочным.

Шаг 15

Затем закрываем форму фольгой и выпекаем ещё примерно 40-50 минут при температуре уже 170 градусов, до готовности.
Готовность определяем по готовности картофеля и мяса.

Шаг 16

Готовый пирог достаём из духовки, смазываем кусочком сливочного масла, накрываем салфеткой и даём ему остыть."
Мясной пирог,Вода,
Мясной пирог,Сливочное масло,
Мясной пирог,Мука,
Мясной пирог,Сахар,
Мясной пирог,Соль,
Мясной пирог,Дрожжи,
Мясной пирог,Растительное масло,
Мясной пирог,Мясо,
Мясной пирог,Картофель,
Мясной пирог,Репчатый лук,
Мясной пирог,Черный перец,
Мясной пирог,Яйца,
Овощное рагу,Картофель,"Шаг 1

Нарезать мелко петрушку и базилик, добавить соль, перец и 1 размолотый зубчик чеснока, все хорошо перемешать.

Шаг 2

Нарезать все овощи мелкими кубиками.

Шаг 3

На разогретую сковороду добавить растительное масло и выложить лук. Обжарить лук в течение 1 минуты.

Шаг 4

Добавить морковь и жарить 3 минуты.

Шаг 5

Добавить картофель и жарить 10 минут, иногда помешивая.

Шаг 6

Добавить помидоры и перец, жарить еще 5 минут.

Шаг 7

Всё перемешать и выложить сверху кабачок, не перемешивая. Накрыть крышкой и на слабом огне тушить овощное рагу 20 минут.

Шаг 8

Выключить плиту, добавить подготовленную зелень к тушеным овощам и аккуратно перемешать."
Овощное рагу,Кабачок,
Овощное рагу,Помидоры,
Овощное рагу,Перец,
Овощное рагу,Морковь,
Овощное рагу,Репчатый лук,
Овощное рагу,Петрушка,
Овощное рагу,Базилик,
Овощное рагу,Чеснок,
Овощное рагу,Соль,
Овощное рагу,Черный перец,
Овощное рагу,Растительное масло,
Салат Цезарь,Хлеб,"Шаг 1

Нарезаем хлеб кубиками на сухарики.
Приготовьте сухарики для простого салата Цезарь с курицей. Для этого срежьте с хлеба корку, мякиш нарежьте кубиками.
Выложите их на противень, выстланный бумагой для выпечки, и поместите в духовку, нагретую до 160°C, на 10-15 минут.
Они должны подсохнуть и стать хрустящими. Дайте остыть.

Шаг 2

Режем перепелиные яйца
Яйца для салата сварите вкрутую. Для этого поместите их в ковшик, залейте холодной водой и доведите до кипения.
Перепелиные варите 5 минут, куриные - 8 минут. Воду слейте, яйца залейте холодной водой и дайте остыть.
Очистите и разрежьте на половинки (перепелиные) или на четвертинки (куриные).

Шаг 3

Рвем листья салата.
Листья салата вымойте и хорошо обсушите, разложив на бумажном полотенце. Порвите салат на удобные для еды кусочки.

Шаг 4

Нарезаем куриное филе и черри.
Куриное филе нарежьте небольшими кубиками. Помидоры черри вымойте, обсушите и разрежьте пополам.

Шаг 5

Натираем сыр на терке.
Половину сыра нарежьте кубиками, оставшийся — натрите на мелкой терке.

Шаг 6

Готовим чесночный соус для салата Цезарь
Приготовьте простой чесночный соус для салата Цезарь с курицей. Чеснок пропустите через пресс в небольшую мисочку.
Добавьте лимонный сок, горчицу, майонез, посолите и поперчите по вкусу. Тщательно перемешайте.

Шаг 7

Перемешиваем все ингредиенты
На блюдо выложите половину листьев салата и полейте их небольшим количеством соуса.
Затем выложите половину куриного филе и посыпьте половиной сухариков. Снова полейте соусом.
Выложите оставшиеся листья салата, сухарики, куриное филе и сыр, нарезанный кубиками.

Шаг 8

Простой салат Цезарь с курицей готов к подаче
Полейте оставшимся чесночным соусом. Простой салат Цезарь с курицей украсьте помидорами черри и перепелиными (или куриными) яйцами.
Посыпьте тертым сыром и сразу подайте на стол."
Салат Цезарь,Куриное филе,
Салат Цезарь,Перепелиные яйца,
Салат Цезарь,Салат,
Салат Цезарь,Помидоры черри,
Салат Цезарь,Сыр,
Салат Цезарь,Чеснок,
Салат Цезарь,Лимонный сок,
Салат Цезарь,Горчица,
Салат Цезарь,Майонез,
Салат Цезарь,Черный перец,
Салат Цезарь,Соль,
Салат Греческий,Помидоры,"Шаг 1

Все овощи тщательно промойте проточной водой и нарежьте. Помидоры - кубиками.

Шаг 2

Огурцы - полукружиями.

Шаг 3

Перец болгарский - соломкой.

Шаг 4

Красный лук очистите и нарежьте кольцами.

Шаг 5

Маслины разрежьте вдоль пополам.

Шаг 6

Овощи поместите в салатницу, добавьте к ним маслины.

Шаг 7

Практически готовый греческий салат заправьте соком половины лимона и оливковым маслом, посолите и хорошо перемешайте.

Шаг 8

Мягкий сыр нарежьте кубиками.

Шаг 9

Сверху добавьте кусочки феты, поперчите и немного сдобрите оливковым маслом."
Салат Греческий,Огурцы,
Салат Греческий,Лук,
Салат Греческий,Перец,
Салат Греческий,Сыр,
Салат Греческий,Оливки,
Салат Греческий,Лимон,
Салат Греческий,Растительное масло,
Салат Греческий,Соль,
Салат Греческий,Черный перец,
Пельмени,Яйца,"Шаг 1

Приготовить тесто для русских пельменей. Муку просеять горкой.
Сделать сверху углубление, влить в него яйцо и 1 ст. л. воды, добавить щепотку соли.

Шаг 2

Собирая муку с краев к середине, чтобы вода и яйцо не выливались из углубления, замешивать тесто.
Месить тесто для пельменей до тех пор, пока оно не станет эластичным и однородным, примерно 10 мин.
Накрыть влажным полотенцем и оставить на 30 мин.
Вода для пельменного теста должна быть ледяная. Для этого ее заранее ставят в холодильник или морозильник.

Шаг 3

Пока расстаивается тесто, приготовить начинку для пельменей. Лук и чеснок очистить и очень мелко порубить.
Смешать говяжий и свиной фарш, добавить лук с чесноком, посолить, поперчить. Тщательно перемешать до однородности.

Шаг 4

Готовое тесто для русских пельменей разделить на 4 части. 3 части накрыть влажным полотенцем и отложить.
Оставшееся тесто скатать в жгут толщиной 2 см. Нарезать его на кусочки шириной 1,5 см.
На присыпанной мукой поверхности раскатать каждый кусочек теста в тонкую лепешку.

Шаг 5

Выложить в центр каждой лепешки по 1,5 ч. л. начинки, сложить кружок с начинкой пополам так, чтобы получился полумесяц.
Соединить концы полумесяца и скрепить их. Плотно прижать пальцами, чтобы пельмени не разваливались при варке.

Шаг 6

Выложить пельмени на поднос или плоское блюдо, присыпать мукой и поставить в холодильник.
Так же приготовить пельмени из оставшегося теста."
Пельмени,Соль,
Пельмени,Мука,
Пельмени,Фарш,
Пельмени,Репчатый лук,
Пельмени,Чеснок,
Пельмени,Черный перец,
Лагман,Говядина,"Шаг 1

Для приготовления лапши муку просеивают в миску.

Шаг 2

К муке добавляют яйца и воду. Замешивают пресное тесто.

Шаг 3

Подсыпая при необходимости муку, тесто тонко раскатывают в пласт около 2 мм толщиной.

Шаг 4

Раскатанное тесто посыпают мукой, сворачивают рулетиком и нарезают тонкой длинной лапшой.

Шаг 5

Кипятят 2 л воды, добавляют в воду соль (примерно 1 ч. ложку). В кипяток опускают лапшу,
доводят до кипения и варят лапшу в подсоленной воде до готовности 3-4 минуты.

Шаг 6

Готовую лапшу откидывают на дуршлаг, промывают в холодной воде.

Шаг 7

Чтобы приготовить для лагмана мясной соус (ваджу), мясо нарезают мелкими брусочками, солят.

Шаг 8

Лук и морковь очищают и моют. Морковь нарезают соломкой, а лук кубиками.

Шаг 9

Сладкий перец и редьку (по желанию) очищают, моют и нарезают соломкой.

Шаг 10

Картофель очищают, моют и нарезают брусочками.

Шаг 11

Чеснок чистят и мелко рубят.

Шаг 12

Разогревают сковороду (или казанок), добавляют в него растительное масло (или жир). Выкладывают мясо.

Шаг 13

Мясо обжаривают на среднем огне, помешивая, до образования румяной корочки (10-15 минут).

Шаг 14

Затем к мясу добавляют морковь, лук, сладкий перец.

Шаг 15

Все перемешивают и продолжают жарить мясо с овощами еще 8-10 минут, периодически помешивая.

Шаг 16

Выкладывают всё в казанок.

Шаг 17

Затем добавляют картофель, нарезанный брусочками, мелко рубленный чеснок, томат-пасту или нарезанные свежие помидоры.

Шаг 18

Заправляют черным и красным молотым перцем, солью.
Заливают водой или бульоном и тушат ваджу (мясной соус с овощами) на слабом огне до готовности, 30-40 мин.

Шаг 19

Для подачи лагмана лапшу подогревают, опустив в горячую воду, и выкладывают в касы или глубокую тарелку.
Заливают лапшу приготовленным мясным соусом и посыпают лагман рубленой зеленью."
Лагман,Картофель,
Лагман,Перец,
Лагман,Морковь,
Лагман,Редька,
Лагман,Репчатый лук,
Лагман,Чеснок,
Лагман,Томатная паста,
Лагман,Помидоры,
Лагман,Черный перец,
Лагман,Соль,
Лагман,Вода,
Лагман,Растительное масло,
Лагман,Зелень,
Лагман,Мука,
Лагман,Яйца,
Блины с мясом,Молоко,"Шаг 1

Яйца, сахар и соль взбить венчиком до однородной массы.

Шаг 2

Добавить молоко и муку, хорошо перемешать до однородного состояния.

Шаг 3

Добавить воду и растительное масло. Тщательно перемешать блинное тесто и оставить на 1 час.

Шаг 4

Лук нарезать и обжарить на сковороде с разогретым растительным маслом (1 ст. л.) на среднем огне в течение 3-х минут.

Шаг 5

Добавить фарш, соль, сушеные чеснок и кориандр, молотый чёрный перец. Жарить до готовности на среднем огне 6-7 минут.

Шаг 6

Тонкие блины жарить на горячей сковороде с каждой стороны примерно по 1 минуте, до золотистости.

Шаг 7

На готовые блины выложить по 1 ст. ложке обжаренного фарша.

Шаг 8

Завернуть блинчики с мясом конвертом.

Шаг 9

Перед подачей блины с начинкой обжарить на горячей сковороде с маслом до золотистой корочки примерно по 30 секунд с каждой стороны."
Блины с мясом,Яйца,
Блины с мясом,Мука,
Блины с мясом,Сахар,
Блины с мясом,Сливочное масло,
Блины с мясом,Соль,
Блины с мясом,Вода,
Блины с мясом,Фарш,
Блины с мясом,Репчатый лук,
Блины с мясом,Чеснок,
Блины с мясом,Черный перец,
Блины с мясом,Кориандр,
Картошка по-французки,Картофель,"Шаг 1

Мясо помыть, осушить, нарезать толщиной около 1 см.

Шаг 2

Мясо отбить кухонным молотком.

Шаг 3

Картофель почистить, помыть.
Включить духовку.

Шаг 4

Лук репчатый почистить, помыть и нарезать тонкими полукольцами.

Шаг 5

Очищенный картофель нарезать пластинами толщиной 3-4 миллиметра.

Шаг 6

Сковороду без ручки смазать маслом. Выложить половину картофеля на сковороду, посолить.

Шаг 7

Сверху выложить кусочки отбитого мяса так, чтобы полностью закрыть слой картошки. Посолить и поперчить.

Шаг 8

На мясо выложить лук, нарезанный полукольцами.

Шаг 9

А затем - слой картофеля.

Шаг 10

Посолить и обильно смазать майонезом.

Шаг 11

Поставить сковороду в духовку на среднюю полку. Запекается картошка по-французски в разогретой до 180°С духовке 40 минут.

Шаг 12

Твердый сыр натереть на крупной терке.

Шаг 13

Через 40 минут после начала запекания (за 5-10 минут до готовности) достать сковороду из духовки, посыпать блюдо тертым сыром.
Поставить картошку по-французски в духовку на 5-10 минут."
Картошка по-французки,Растительное масло,
Картошка по-французки,Свинина,
Картошка по-французки,Репчатый лук,
Картошка по-французки,Майонез,
Картошка по-французки,Сыр,
Картошка по-французки,Соль,
Картошка по-французки,Перец,
Горячие бутерброды,Батон,"Шаг 1

Помидор мелко нарезаем.

Шаг 2

Мелко нарезаем колбаску двух видов - вареную и копченую.

Шаг 3

Сыр натираем на мелкой терке.

Шаг 4

Мелко нарезаем зелень.

Шаг 5

Соединяем нарезанные продукты, добавляем майонез.

Шаг 6

Тщательно перемешиваем начинку для бутербродов.

Шаг 7

Батон нарезаем ломтиками.

Шаг 8

Выкладываем начинку (по 1-2 ложки) на ломтики хлеба.
Ставим мини-пиццы из хлеба с колбасой, помидорами и сыром в разогретую духовку на 6-7 минут."
Горячие бутерброды,Колбаса,
Горячие бутерброды,Помидоры,
Горячие бутерброды,Сыр,
Горячие бутерброды,Укроп,
Горячие бутерброды,Майонез,
Сосиски в тесте,Мука,"Шаг 1

Готовим опару из дрожжей, 1 ст. л. сахара, теплой воды и 2 ст. л. муки.

Шаг 2

Перемешиваем и оставляем на 15-20 минут в теплом месте.

Шаг 3

Через 20 минут к опаре добавляем соль, оставшийся сахар.

Шаг 4

Вводим муку.

Шаг 5

Замешиваем тесто сначала ложкой, а затем руками.
Добавляем растопленное сливочное масло и вымешиваем однородное мягкое тесто в течение 7 минут.

Шаг 6

Накрываем тесто полотенцем и оставляем в теплом месте на 1 час.

Шаг 7

Обминаем тесто и делим его на 2 части.

Шаг 8

Каждую часть теста раскатываем в прямоугольный пласт 20*30 см. Пласт нарезаем на длинные полоски шириной около 4 см.

Шаг 9

Каждую сосиску обматываем тестом внахлест движениями по спирали.

Шаг 10

Выкладываем на противень, застеленный пергаментом, и оставляем на 15 минут, чтобы тесто немного поднялось.
Смазываем заготовки взбитым яйцом.

Шаг 11

Отправляем сосиски в дрожжевом тесте в разогретую до 200 градусов духовку на 20 минут."
Сосиски в тесте,Вода,
Сосиски в тесте,Растительное масло,
Сосиски в тесте,Сливочное масло,
Сосиски в тесте,Дрожжи,
Сосиски в тесте,Соль,
Сосиски в тесте,Сахар,
Сосиски в тесте,Сосиски,
Беляши,Мука,"Шаг 1

Приготовить опару для теста. Для этого в чашке смешать дрожжи, сахар, соль и тёплую воду (от горячей дрожжи погибнут).
Перемешать.

Шаг 2

Добавить к полученной смеси примерно 5 ст. ложек муки (муку всегда просеиваем).
Накрыть чашку салфеткой и оставить в тёплом месте минут на 15-20.
Опара увеличится в объеме и покроется пузырьками.

Шаг 3

Перемешать и замесить тесто. Дрожжевое тесто для жареных беляшей не должно быть слишком крутым, поэтому муки больше не добавляем.
Тесто будет мягким и немного липнуть к рукам.

Шаг 4

Чистую сухую чашку и руки смазать растительным маслом.
Сформировать из теста шар и выложить в чашку. Накрыть чашку с тестом плёнкой или убрать в пакет и
поставить в тёплое место для подъёма, примерно на 1 час.

Шаг 5

Приготовить начинку для беляшей.
Очищенный лук измельчить в блендере или мелко порезать.
В чашке смешать фарш, лук, чёрный свежемолотый перец, соль и немного холодной воды (тогда беляши будут сочные и мясо хорошо пропарится!).
Перемешать.

Шаг 6

Чтобы тесто не липло, смазать руки и рабочую поверхность растительным маслом.
Тесто слегка обмять, выложить на рабочую поверхность.
Разделить тесто на равные части (примерно 14), скатать шарики.
Дать шарикам теста немного подойти, минут 5-10.

Шаг 7

Каждый шарик теста подушечками пальцев аккуратно размять в лепёшку
(слишком тонко не разминаем, чтобы тесто не сгорело, а мясо отлично прожарилось!).
В центр лепёшек выложить начинку (примерно по одной столовой ложке).

Шаг 8

Защипнуть края теста, соединить их в центре.
Слегка придавить ладонью, формируя круглый пирожок.
Выложить беляши швом вниз на смазанную маслом поверхность.

Шаг 9

В кастрюле или глубокой сковороде разогреть растительное масло (для фритюра).
Выложить беляши швом вниз и жарить на среднем огне до золотистого цвета, примерно по 5 минут с каждой стороны.

Шаг 10

Горячие беляши достать шумовкой на бумажное полотенце, чтобы избавиться от лишнего масла.

Шаг 11

Сочные и воздушные, как пух, беляши с мясом готовы! Приятного Вам аппетита!"
Беляши,Вода,
Беляши,Сливочное масло,
Беляши,Дрожжи,
Беляши,Соль,
Беляши,Сахар,
Беляши,Растительное масло,
Беляши,Фарш,
Беляши,Репчатый лук,
Шаурма,Лаваш,"Шаг 1

Для приготовления шаурмы возьмите тонкий лаваш, куриное филе, консервированный огурец, свежий помидор,
белокочанную капусту, кетчуп, майонез, соль, перец молотый, растительное масло.

Шаг 2

Капусту нарежьте тонкой соломкой. Слегка подсолите и перемешайте.

Шаг 3

Огурец (маринованный) нарежьте тонкими брусочками. Помидор нарежьте четвертькольцами.

Шаг 4

В качестве соуса используйте майонез и кетчуп (можно томатную пасту) - перемешайте и приправьте молотым перцем.

Шаг 5

Куриное филе промойте, обсушите салфеткой и приправьте перцем и солью.
Обжарьте филе на растительном масле на обычной или гриль-сковороде до готовности. Слегка остудите и нарежьте пластинками.

Шаг 6

Смажьте лаваш по центру приготовленным соусом. Распределите капусту, огурцы и помидоры.

Шаг 7

Сверху выложите нарезанную жареную курицу.

Шаг 8

Плотно заверните лаваш с начинкой рулетом так, чтобы боковые стороны были закрыты. Домашняя шаурма с курицей и овощами готова.
По желанию рулет из лаваша (шаурму) можно обжарить на разогретой сухой сковороде до зарумянивания."
Шаурма,Куриное филе,
Шаурма,Капуста,
Шаурма,Огурцы,
Шаурма,Помидоры,
Шаурма,Кетчуп,
Шаурма,Майонез,
Шаурма,Соль,
Шаурма,Черный перец,
Шаурма,Растительное масло,
Наггетсы,Куриное филе,"Шаг 1

Нарезаем куриное филе небольшими кусочками.

Шаг 2

В тарелке взбиваем вилочкой 2 яйца.

Шаг 3

В качестве панировки для курицы можно использовать готовую смесь, а можно смешать панировочные сухари, соль, перец и паприку.

Шаг 4

Разогреваем масло в сковородке.

Шаг  5

Обмакиваем кусочек курицы в яичной смеси.

Шаг 6

Затем в панировку и жарим куриные наггетсы до золотистой корочки.

Шаг 7

Готовые наггетсы перекладываем на тарелочку, застеленную бумажным полотенцем, чтобы впитался весь лишний жир."
Наггетсы,Яйца,
Наггетсы,Соль,
Наггетсы,Перец,
Наггетсы,Паприка,
Наггетсы,Сухари панировочные,
Наггетсы,Растительное масло,
Наполеон,Сахар,"Шаг 1

Охлажденное сливочное масло для коржей торта Наполеон нарезать маленькими кусочками и перетереть с просеянной мукой так,
чтобы смесь напоминала хлебные крошки. Смешать воду с уксусом, тонкой струйкой влить в мучную смесь.
Вымесить гладкое тесто, завернуть его в пищевую пленку и поместить в холодильник на 40 мин.

Шаг 2

Разделить тесто на 6 равных частей. Положить 1 кусок теста между 2 листами пергамента и раскатать в круг толщиной 0,5 см;
так же раскатать остальное тесто. Выпекать коржи по отдельности в разогретой до 190°С духовке, по 20 мин. каждый.
Дать остыть. Подровнять края, крошки сохранить.

Шаг 3

Приготовить заварной крем для торта Наполеон. Вскипятить 1,5 стакана молока с сахаром.
Взбить оставшееся молоко с яйцом и мукой миксером до получения массы однородной консистенции.

Шаг 4

Осторожно ввести получившуюся яичную смесь в кипящее молоко.
Уменьшить огонь до минимума и варить, непрерывно помешивая, 7–8 мин., до загустения крема. Снять с огня и дать полностью остыть.

Шаг 5

Собрать торт Наполеон. Для этого смазать остывшие коржи получившимся заварным кремом и сложить друг на друга. Слегка прижать.
Поставить торт Наполеон в холодильник на 8-12 ч.

Шаг 6

Перед подачей на стол торт Наполеон посыпать крошками, оставшимися от коржей.
По желанию, десерт можно украсить свежими ягодами, шоколадными фигурками или миндальными лепестками."
Наполеон,Мука,
Наполеон,Ванильный сахар,
Наполеон,Молоко,
Наполеон,Яйца,
Наполеон,Вода,
Наполеон,Уксус,
Наполеон,Сливочное масло,
Медовик,Сахар,"Шаг 1

Из этого количества ингредиентов получился тортик диаметром 16 см и высотой 6 см. Смело умножайте на 2, если хотите большой торт)
В большую кастрюлю выложить мед, сахар и сливочное масло. Поставить на средний огонь и дождаться, пока растопится сахар.

Шаг 2

Сахар растопится, и масса начнет закипать. Не снимая с плиты, добавить соду и активно мешать венчиком.

Шаг 3

Масса будет хорошо пениться и увеличиваться в объеме. Она слегка потемнеет, это нормально.
Когда масса перестанет расти в объеме, снять кастрюлю с плиты.

Шаг 4

Добавить яйца. Тщательно мешать массу венчиком, чтобы не дать яйцам свернуться.

Шаг 5

Дать массе 5 минут остыть и затем понемногу добавить муку. Хорошо вымешивать тесто до однородности.

Шаг 6

Тесто готово, когда оно не липнет к рукам и эластичное. Взвесить его и поделить на 10 частей.

Шаг 7

Сформировать из частей шарики и накрыть пленкой.

Шаг 8

Теперь нужно раскатать заготовки, толщиной 2 мм. И вырезать из них круги диаметром 16 см (обрезки также выпечь).
Удобнее раскатывать и вырезать тесто сразу на пергаменте. Проколоть корж вилкой и выпекать при 170°C около 6 минут, до румяности.
Готовые коржи сразу снять с пергамента и дать остыть на ровной поверхности.

Шаг 9

Остывшие коржи собрать в стопку, а обрезки измельчить любым удобным способом в крошку.

Шаг 10

Приготовим крем. В чашу миксера поместить сметану и сахарную пудру. Взбивать до состояния жирного йогурта. Масса должна держать форму.

Шаг 11

Соберем торт. На каждый корж намазываем 30 г крема. И так слой за слоем. Не забудьте намазать бока и верх торта.

Шаг 12

Теперь равномерно обсыпать торт крошкой."
Медовик,Мука,
Медовик,Ванильный сахар,
Медовик,Молоко,
Медовик,Яйца,
Медовик,Сливочное масло,
Медовик,Мёд,
Медовик,Сода,
Шарлотка,Мука,"Шаг 1

Взбиваем яйца с сахаром. Готовим тесто классической шарлотки. В чашу миксера вбиваем яйца. Добавляем сахар.
Взбиваем миксером сначала на средней, затем на высокой скорости до получения светло-желтой массы однородной консистенции.

Шаг 2

Замешиваем тесто для шарлотки.
В сладкую яичную смесь добавляем муку, предварительно просеянную через мелкое сито со щепоткой соды и ванилином (ванильным сахаром).
Снова взбиваем миксером. Тесто шарлотки готово.

Шаг 3

Нарезаем яблоки
Готовим начинку шарлотки. Яблоки моем и каждое разрезаем пополам. Удаляем сердцевины с семенами.
Мякоть очищаем и нарезаем небольшими кубиками или ломтиками произвольной формы.

Шаг 4

Ставим шарлотку (яблочный пирог) выпекаться в духовку
Яблоки добавляем в тесто шарлотки и осторожно перемешиваем.
Выливаем получившуюся массу в форму, смазанную любым жиром, и отправляем в духовку, нагретую до 190°C, на 30 минут."
Шарлотка,Сахар,
Шарлотка,Яйца,
Шарлотка,Яблоки,
Шарлотка,Ванильный сахар,
Шарлотка,Сода,
Манник,Манная крупа,"Шаг 1

Сливочное масло растопить на самом маленьком огне.

Шаг 2

В миску всыпать сахар, вбить куриные яйца.

Шаг 3

Растереть яйца с сахаром.

Шаг 4

В другую миску насыпать манную крупу.

Шаг 5

Манную крупу смешать с растопленным сливочным маслом. Добавить кефир. Перемешать.

Шаг 6

К манной крупе добавить яйца, растёртые с сахаром, соль, соду с уксусом, ваниль.

Шаг 7

Всё хорошо перемешать.

Шаг 8

Можно оставить на 1 час, чтобы манка набухла.

Шаг 9

Включить духовку.
Форму смазать маслом (можно ещё обсыпать манной крупой). Подготовленную массу выложить в смазанную маслом форму.
Форму поставить духовку на среднюю полку.

Шаг 10
Манник запекать в духовке при 175 градусах до румяной корочки (около 30-40 минут)."
Манник,Сливочное масло,
Манник,Кефир,
Манник,Яйца,
Манник,Сахар,
Манник,Сода,
Манник,Уксус,
Манник,Соль,
Манник,Ваниль,
Печенье,Мука,"Шаг 1

В емкости взбиваем яйца, сахар, корицу и щепотку соли. Можно просто венчиком или воспользоваться миксером.

Шаг 2

Добавляем размягченное сливочное масло и еще раз все тщательно взбиваем.

Шаг 3

Далее добавляем соду, гашенную уксусом. Перемешиваем.

Шаг 4

И заключительным этапом вмешиваем частями просеянную муку.
Тесто для печенья должно получиться вязкое, чтобы можно было из него сформировать шарики. Но сильно его забивать мукой тоже не нужно!

Шаг 5

С помощью чайной ложки формируем из теста шарики, диаметром примерно 3 см, и выкладываем их на противень
на небольшом расстоянии друг от друга. Сильно большой размер шариков не следует делать, т.к. они довольно
хорошо увеличиваются в объеме при выпечке.

Шаг 6

Выпекаем домашнее песочное печенье в разогретой духовке при температуре 180 градусов 12-15 минут."
Печенье,Сахар,
Печенье,Яйца,
Печенье,Сливочное масло,
Печенье,Корица,
Печенье,Сода,
Печенье,Уксус,
Печенье,Соль,
Эклеры,Мука,"Шаг 1

Налить в кастрюлю воды, добавить туда масло и соль. Нагреть до кипения, перемешать, растопить масло.

Шаг 2

Затем всыпать муку, тщательно размешивая, чтобы не образовались комки.

Шаг 3

Прогревать в течение 3 минут и снять с огня. После этого заварное тесто немного остудить, примерно до температуры 70 градусов.

Шаг 4

По одному добавлять яйца, каждый раз хорошо вымешивая тесто до однородности.

Шаг 5

Готовое заварное тесто должно быть в меру густым и тягучим.

Шаг 6

Разогреть духовку.
Тесто поместить в кондитерский мешок с насадкой (или в конусообразный пакет, свернутый из плотной бумаги, с отверстием на конце).
Выложить тесто на противень в виде небольших пирожных удлиненной формы.

Шаг 7

Выпекать эклеры в разогретой до 180-200 градусов духовке примерно 30-35 минут. Духовку при выпечке не открывать.
Заварное пирожное должно быть сухим, легким, золотистого цвета, с пустой серединкой.
Наполнить эклеры можно кремом (заварным, масляным и т.п.) или взбитыми сливками с сахаром, или фруктовым джемом.
Сверху пирожные можно полить шоколадной глазурью, покрыть сахарной помадкой или просто посыпать сахарной пудрой."
Эклеры,Вода,
Эклеры,Сливочное масло,
Эклеры,Яйца,
Эклеры,Соль,
Пончики,Мука,"Шаг 1

Дрожжи смешиваем с молоком, солью, сахаром и даём раствориться в течении 20 минут.

Шаг 2

Далее вбиваем яйцо, добавляем масло, размешиваем венчиком и частями всыпаем муку.

Шаг 3

Замешиваем мягкое, эластичное тесто и, накрыв полотенцем, даём постоять ему, пока не увеличится вдвое.

Шаг 4

Далее раскатываем в пласт, толщиной чуть больше сантиметра. Формой вырезаем кружки, а в них, формой поменьше - малые кружки.
Из обрезков теста я вновь раскатал пласт и повторил операцию.

Шаг 5

Кружки перекладываем на противень, накрываем полотенцем и оставляем на полчаса.

Шаг 6

Потом обжариваем во фритюре. Я для этого использовал вок, очень экономно получается, рекомендую.
Готовые пончики перекладывал на решётку, под которую положил бумажные полотенца.

Шаг 7

Когда закончили, окунули пончики в шоколад, и присыпали разноцветной присыпкой.
Другие окунули в глазурь (вода, сахарная пудра, масло сливочное) и тоже присыпали."
Пончики,Дрожжи,
Пончики,Молоко,
Пончики,Яйца,
Пончики,Сливочное масло,
Пончики,Сахар,
Пончики,Соль,
Пончики,Растительное масло,
Мороженное,Сливки,"Шаг 1

Желтки растираем с сахаром и ванилином.

Шаг 2

Молоко доводим до кипения и снимаем с огня. Аккуратно вводим в молоко желтковую массу, перемешиваем.
Ставим на самый малый огонь и, взбивая, доводим до загустения. Не кипятим! Массу остужаем до комнатной температуры.

Шаг 3

Охлажденные сливки взбиваем до устойчивых пиков.

Шаг 4

Вводим в сливки остывшую молочно-желтковую массу. Хорошо перемешиваем.

Шаг 5

Выкладываем в формы и отправляем домашний пломбир в морозильную камеру.
Через час достаем, перемешиваем миксером и отправляем домашнее мороженое обратно в морозильник до полного застывания.

Шаг 6

После этого советский пломбир можно подавать. Украшаем домашнее мороженое по своему вкусу."
Мороженное,Молоко,
Мороженное,Сахар,
Мороженное,Яйца,
Мороженное,Ванильный сахар,
Фруктовый салат,Сахар,"Шаг 1

В большой неметаллической миске смешать сахар, апельсиновую цедру и сок до полного растворения сахара.

Шаг 2

Выложить в миску с соком апельсин, яблоко, грушу и виноград. Аккуратно перемешать фрукты.
Накрыть миску крышкой или пленкой и поставить фруктовый салат в холодильник для охлаждения минимум на час, а лучше на ночь.

Шаг 3

Перед подачей добавить в салат банан и шампанское (или газированный виноградный сок).
Разложить фруктовый салат в 8 салатниц, примерно по 3/4 стакана фруктов вместе с соком.
Готовый фруктовый салат можно украсить листочками мяты."
Фруктовый салат,Апельсин,
Фруктовый салат,Яблоки,
Фруктовый салат,Груша,
Фруктовый салат,Виноград,
Фруктовый салат,Банан,
Фруктовый салат,Мята,
Яичница-глазунья,Сливочное масло,"Шаг 1

Поставьте сковородку (лучше всего маленькую с толстым дном) на большой огонь. Налейте масла.

Шаг 2

Поставьте сковородку (лучше всего маленькую с толстым дном) на большой огонь. Налейте масла.

Шаг 3

Жарьте еще примерно минуту, периодически наклоняя сковородку в разные стороны и поливая яичницу горячим жиром.
Переложите на теплую тарелку и немедленно подавайте."
Яичница-глазунья,Яйца,
Яичница-глазунья,Соль,
Яичница-глазунья,Растительное масло,
Омлет,Сливочное масло,"Шаг 1

Вкусный завтрак из яиц, взболтайте яйца вилкой
Яйца для омлета в сковороде взболтайте легкими движениями вилки с молоком в небольшой миске.
Не взбивайте, а именно взбалтывайте – просто, чтобы смешались белок и желток.

Шаг 2

Вкусный завтрак из яиц, добавьте сливочное масло
Сковороду диаметром около 20 см для приготовления омлета поставьте на плиту.
Включите средний огонь и дайте емкости прогреться (это займет примерно минуту).
Добавьте оба вида масла и поверните сковороду так, чтобы оно распределилось по всей поверхности.
Увеличьте огонь до максимума.

Шаг 3

Вкусный завтрак из яиц, влейте смесь яиц с молоком
Когда масло начнет пениться, влейте смесь яиц с молоком. Наклоняя сковороду в разные стороны, дайте ей растечься ровным слоем.
Поставьте на огонь и отсчитайте 6 секунд.

Шаг 4

Вкусный завтрак из яиц, переверните омлет
Наклоните сковороду под углом 45°, подцепите лопаточкой схватившийся край омлета и сдвиньте к середине
(на его место стечет жидкая часть из центра). Сделайте то же самое с противоположным краем.

Шаг 5

Вкусный завтрак из яиц, посолите и поперчите
Повторите эту операцию еще пару раз, чтобы схватилась вся поверхность омлета с молоком (это займет всего около 40 секунд).
Посолите, поперчите и подайте на стол."
Омлет,Яйца,
Омлет,Молоко,
Омлет,Соль,
Омлет,Черный перец,
Омлет,Растительное масло,
Оладьи,Молоко,"Шаг 1

Подготовить необходимые продукты.

Шаг 2

Яйцо взбить с сахаром и солью в течение пары минут.

Шаг 3

Добавить молоко, хорошо перемешать.

Шаг 4

Муку смешать с разрыхлителем и добавить к жидкой массе.

Шаг 5

Перемешать тесто до однородного состояния.

Шаг 6

Тесто для оладий должно получиться гуще блинного.

Шаг 7

На сковороду налить растительное масло, хорошо разогреть на среднем огне. На разогретую сковороду с маслом наливать тесто столовой ложкой.
Жарить оладьи до золотистого цвета с каждой стороны (ориентировочно по 3 минуты), при необходимости добавляя в сковороду масло.

Шаг 8

Готовые оладьи на молоке подавать со сметаной или вареньем."
Оладьи,Яйца,
Оладьи,Мука,
Оладьи,Разрыхлитель,
Оладьи,Сахар,
Оладьи,Соль,
Оладьи,Растительное масло,
Блины,Молоко,"Шаг 1

Смешайте яйца, соль, сахар и размешайте миксером. Введите муку и влейте молоко. Взбейте блинное тесто,
чтобы добиться однородной консистенции.

Шаг 2

Следом отправьте в тесто растительное масло, чтобы блины в момент жарки легко переворачивались и не пригорали.

Шаг 3

Разогрейте сковородку и смажьте маслом.

Шаг 4

Налейте в центр сковородки небольшую порцию теста. Сразу же вращайте сковородку по кругу,
чтобы тесто равномерно распределилось по всей поверхности.

Шаг 5

Жарим блины на среднем огне с обеих сторон до зарумянивания. Блины очень тонкие, поэтому переворачивайте их аккуратно с помощью лопатки.
После того, как блин будет готов, снимите со сковородки и смажьте сливочным маслом, чтобы края не были сухими, а блины получились нежными.

Шаг 6

Блины на молоке можно подавать с вареньем, джемом или сгущенкой. Приятного аппетита!"
Блины,Яйца,
Блины,Растительное масло,
Блины,Мука,
Блины,Сахар,
Блины,Соль,
Блины,Сливочное масло,
Котлеты,Свинина,"Шаг 1

Мясо нарезать кусочками. Лук репчатый очистить и разрезать на 4 части. Мясо и лук перемолоть на мясорубке.

Шаг 2

В полученный мясной фарш добавить яйца, соль, перец. Фарш хорошенько перемешать. Для того, чтобы фарш получился удачным,
его необходимо тщательно отбить, несколько раз бросая с некоторым усилием в миску.
Далее желательно поместить фарш в холодильник на час-два, но если нет времени, можно и сразу жарить котлеты.

Шаг 3

Сформировать небольшие котлеты из фарша. Обвалять их в сухарях.

Шаг 4

Разогреть сковороду. Налить растительное масло. Жарить котлеты на среднем огне с двух сторон до румяной корочки.
Затем выложить все жареные котлеты в сковороду, налить немного воды, накрыть крышкой и потушить около 10 минут.

Шаг 5

Котлеты готовы. Приятного аппетита!"
Котлеты,Говядина,
Котлеты,Репчатый лук,
Котлеты,Соль,
Котлеты,Яйца,
Котлеты,Черный перец,
Котлеты,Сухари панировочные,
Котлеты,Растительное масло,
Фрикадельки,Говядина,"Шаг 1

Мякоть говядины отделить от костей.
Из костей сварить бульон. Для этого кости вымыть, залить холодной водой (1 л), довести до кипения, снять шум.
Варить бульон на небольшом огне под крышкой около часа.

Шаг 2

Мякоть разрезать на куски, два раза пропустить через мясорубку.

Шаг 3

Лук очистить, вымыть, мелко нарезать.

Шаг 4

Добавить в фарш соль, пeрец, часть мелко нарезанного репчатого лука (50 г), яйцо.

Шаг 5

Тщательно перемешать фарш.

Шаг 6

Мокрыми руками разделать фарш на небольшие шарики (размером с грецкий орех), которые обвалять в муке.

Шаг 7

На сковороду выложить масло, растопить. В горячее масло выложить подготовленные фрикадельки.

Шаг 8

Затем их обжарить на среднем огне до золотисто с двух сторон (1-2 минуты с каждой стороны).

Шаг 9

Выложить фрикадельки в кастрюлю.

Шаг 10

В горячее масло выложить вторую половину лука. Обжарить лук на среднем огне до золотистости, помешивая (2-3 минуты).

Шаг 11

В другую сухую сковороду выложить муку. Муку поджарить до темно-коричневого цвета на среднем огне, помешивая, 2-3 минуты.

Шаг 12

Муку развести небольшим количеством бульона (50 мл). Добавлять частями, хорошо перемешивать, чтобы не было комочков.

Шаг 13

Добавить мелко нарезаннный и обжаренный на масле репчатый лук, томат-пюре.

Шаг 14

Затем сахар, красный перец, винный уксус.

Шаг 15

Довести все до кипения. Томатная подлива готова.

Шаг 16

Обжаренные фрикадельки залить приготовленной томатной
подливкой.

Шаг 17

Затем на небольшом огне под крышкой готовить фрикадельки 3-5 минут.

Шаг 18

Фрикадельки с томатной подливкой готовы.

Шаг 19

Зелень вымыть, измельчить.

Шаг 20

Подавать с любимым гарниром. При подаче посыпать фрикадельки с подливкой мелко нарезанной зеленью петрушки.
Приятного аппетита!"
Фрикадельки,Репчатый лук,
Фрикадельки,Яйца,
Фрикадельки,Сливочное масло,
Фрикадельки,Томатная паста,
Фрикадельки,Мука,
Фрикадельки,Сахар,
Фрикадельки,Соль,
Фрикадельки,Черный перец,
Фрикадельки,Перец,
Макароны,Лапша,"Шаг 1

Для варки макарон лучше взять толстостенную посуду, не наполняя ее до краев.
Макаронам при варке должно быть просторно, поэтому на каждые 100 г макарон необходимо взять 1 л воды.

Шаг 2

Воду довести до кипения.
Прежде чем опустить макароны в кипящую воду, посолить ее, причем солить надо, когда вода начинает закипать.
Если добавить в кипящую воду немного молока или мясного бульона, макароны будут вкуснее.

Шаг 3

В бурно кипящую воду опустить макароны. Длинные макароны погружать в воду, не ломая, оставляя торчащими концы.

Шаг 4

После чего слегка надавить на них, и они опустятся в воду по мере размягчения.
Как только процесс кипения восстановится, нагрев уменьшить настолько, чтобы вода кипела, не выплескиваясь из кастрюли.
Такой режим сохранять до конца варки, периодически помешивая макароны ложкой

Шаг 5

Варить толстые макароны - 20-25 минут, соломку или спагетти - 15 минут, лапшу - 12-15 минут, тонкие, как вермишель, изделия
- 10 минут. В готовом виде они не должны иметь мучнистого слоя на месте прикуса.

Шаг 6

Сваренные макароны откинуть на дуршлаг, чтобы стекла вода
(отвар, оставшийся после варки макарон, можно использовать для приготовления заправочных супов, супов-пюре и соусов).

Шаг 7

Быстро переложить макароны в ту же горячую кастрюлю, добавить масло.
И, закрыв кастрюлю крышкой, встряхнуть (не следует промывать сваренные макаронные изделия водой)."
Макароны,Вода,
Макароны,Соль,
Макароны,Сливочное масло,
Картофельное пюре,Картофель,"Шаг 1

Подготовить ингредиенты. Картофель почистить.

Шаг 2

Выложить картофель в кастрюлю и залить холодной водой на 2 см выше уровня картофеля.
Варить около 15-20 минут, готовность проверить вилкой – она должна свободно входить в картофель.
Необходимо посолить картофель сразу же, как закипит.

Шаг 3

Пока картофель варится, необходимо растопить сливочное масло в молоке, которое необходимо подогреть, но не доводить до кипения.

Шаг 4

Остудить молочно-маслянную смесь.

Шаг 5

Когда картофель сварится, необходимо слить воду и специальной толкушкой размять картофель.

Шаг 6

Добавить растопленное молоко с маслом в картофель и хорошо перемешать.

Шаг 7

Чтобы картофельное пюре получилось нежным и воздушным, необходимо взбивать его миксером около 3-4 минут.

Шаг 8

Готовое картофельное пюре можно подавать с любым вторым блюдом, будь то овощное, мясное или рыбное.

Шаг 9

Картофельное пюре готово! Перед подачей можно украсить гарнир, посыпав любой зеленью. Приятного аппетита!"
Картофельное пюре,Сливочное масло,
Картофельное пюре,Молоко,
Картофельное пюре,Соль,